First Name,Last Name,Email,Phone Number,Address
John,Doe,john.doe1@example.com,555-01001,1 Elm Street Springfield USA
Jane,Smith,jane.smith2@example.com,555-01002,22 Maple Avenue Portland USA
Michael,Johnson,michael.johnson3@example.com,555-01003,15 Oak Drive Seattle USA
Emily,Davis,emily.davis4@example.com,555-01004,9 Cedar Road Austin USA
Robert,Wilson,robert.wilson5@example.com,555-01005,32 Pine Lane Denver USA
Laura,Brown,laura.brown6@example.com,555-01006,104 Birch Way Miami USA
James,Miller,james.miller7@example.com,555-01007,87 Poplar Street Boston USA
Sarah,Anderson,sarah.anderson8@example.com,555-01008,56 Willow Avenue Dallas USA
David,Taylor,david.taylor9@example.com,555-01009,23 Spruce Lane Chicago USA
Linda,Moore,linda.moore10@example.com,555-01010,12 Aspen Boulevard Orlando USA
Richard,Martinez,richard.martinez11@example.com,555-01011,3 Redwood Drive San Diego USA
Barbara,White,barbara.white12@example.com,555-01012,78 Palm Court Los Angeles USA
Charles,Thompson,charles.thompson13@example.com,555-01013,45 Acorn Avenue Houston USA
Susan,Garcia,susan.garcia14@example.com,555-01014,29 Chestnut Street Phoenix USA
Joseph,Martinez,joseph.martinez15@example.com,555-01015,67 Sycamore Lane Las Vegas USA
Patricia,Harris,patricia.harris16@example.com,555-01016,88 Beech Road Philadelphia USA
Christopher,Clark,christopher.clark17@example.com,555-01017,11 Sequoia Drive San Antonio USA
Mary,Lewis,mary.lewis18@example.com,555-01018,34 Cypress Street Nashville USA
Thomas,Walker,thomas.walker19@example.com,555-01019,101 Fir Lane Columbus USA
Nancy,Hall,nancy.hall20@example.com,555-01020,58 Magnolia Court Indianapolis USA
